{  
   "response":{  
      "codes":{  
         "100":"Continue",
         "101":"Switching Protocols",
         "102":"Processing",
         "103":"Checkpoint",
         "200":"OK",
         "201":"Created",
         "202":"Accepted",
         "203":"Non-Authoritative Information (since HTTP/1.1)",
         "204":"No Content",
         "205":"Reset Content",
         "206":"Partial Content",
         "207":"Multi-Status",
         "208":"Already Reported",
         "226":"IM Used",
         "300":"Multiple Choices",
         "301":"Moved Permanently",
         "302":"Found",
         "303":"See Other",
         "304":"Not Modified",
         "305":"Use Proxy",
         "306":"Switch Proxy",
         "307":"Temporary Redirect",
         "308":"Permanent Redirect",
         "400":"Bad Request",
         "401":"Unauthorized",
         "402":"Payment Required",
         "403":"Forbidden",
         "404":"Not Found",
         "405":"Method Not Allowed",
         "406":"Not Acceptable",
         "407":"Proxy Authentication Required ",
         "408":"Request Timeout",
         "409":"Conflict",
         "410":"Gone",
         "411":"Length Required",
         "412":"Precondition Failed",
         "413":"Payload Too Large",
         "414":"URI Too Long ",
         "415":"Unsupported Media Type",
         "416":"Range Not Satisfiable",
         "417":"Expectation Failed",
         "418":"I'm a teapot",
         "419":"I'm a fox",
         "420":"Method Failure",
         "421":"Misdirected Request",
         "422":"Unprocessable Entity",
         "423":"Locked",
         "424":"Failed Dependency",
         "426":"Upgrade Required",
         "428":"Precondition Required",
         "429":"Too Many Requests",
         "431":"Request Header Fields Too Large",
         "440":"Login Timeout",
         "444":"No Response",
         "449":"Retry With",
         "450":"Blocked by Windows Parental Controls",
         "451":"Unavailable For Legal Reasons",
         "495":"SSL Certificate Error",
         "496":"SSL Certificate Required",
         "497":"HTTP Request Sent to HTTPS Port",
         "498":"Invalid Token (Esri)",
         "499":"Request has been forbidden by antivirus",
         "500":"Internal Server Error",
         "501":"Not Implemented",
         "502":"Bad Gateway",
         "503":"Service Unavailable",
         "504":"Gateway Timeout",
         "505":"HTTP Version Not Supported",
         "506":"Variant Also Negotiates",
         "507":"Insufficient Storage",
         "508":"Loop Detected",
         "509":"Bandwidth Limit Exceeded",
         "510":"Not Extended",
         "511":"Network Authentication Required",
         "520":"Unknown Error",
         "521":"Web Server Is Down",
         "522":"Connection Timed Out",
         "523":"Origin Is Unreachable",
         "524":"A Timeout Occurred",
         "525":"SSL Handshake Failed",
         "526":"Invalid SSL Certificate",
         "527":"Railgun Error",
         "530":"Site is frozen"
      },
      "mime":{
			".andrew":{ "desc":"Andrew Toolkit","type":"application/andrew-inset","ext":".andrew" },
			".aw":{ "desc":"Applixware","type":"application/applixware","ext":".aw" },
			".atom,":{ "desc":"Atom Syndication Format","type":"application/atom+xml","ext":".atom," },
			".atomcat":{ "desc":"Atom Publishing Protocol","type":"application/atomcat+xml","ext":".atomcat" },
			".atomsvc":{ "desc":"Atom Publishing Protocol Service Document","type":"application/atomsvc+xml","ext":".atomsvc" },
			".ccxml":{ "desc":"Voice Browser Call Control","type":"application/ccxml+xml,","ext":".ccxml" },
			".cdmia":{ "desc":"Cloud Data Management Interface (CDMI) - Capability","type":"application/cdmi-capability","ext":".cdmia" },
			".cdmic":{ "desc":"Cloud Data Management Interface (CDMI) - Contaimer","type":"application/cdmi-container","ext":".cdmic" },
			".cdmid":{ "desc":"Cloud Data Management Interface (CDMI) - Domain","type":"application/cdmi-domain","ext":".cdmid" },
			".cdmio":{ "desc":"Cloud Data Management Interface (CDMI) - Object","type":"application/cdmi-object","ext":".cdmio" },
			".cdmiq":{ "desc":"Cloud Data Management Interface (CDMI) - Queue","type":"application/cdmi-queue","ext":".cdmiq" },
			".cu":{ "desc":"CU-SeeMe","type":"application/cu-seeme","ext":".cu" },
			".davmount":{ "desc":"Web Distributed Authoring and Versioning","type":"application/davmount+xml","ext":".davmount" },
			".dssc":{ "desc":"Data Structure for the Security Suitability of Cryptographic Algorithms","type":"application/dssc+der","ext":".dssc" },
			".xdssc":{ "desc":"Data Structure for the Security Suitability of Cryptographic Algorithms","type":"application/dssc+xml","ext":".xdssc" },
			".es":{ "desc":"ECMAScript","type":"application/ecmascript","ext":".es" },
			".emma":{ "desc":"Extensible MultiModal Annotation","type":"application/emma+xml","ext":".emma" },
			".epub":{ "desc":"Electronic Publication","type":"application/epub+zip","ext":".epub" },
			".exi":{ "desc":"Efficient XML Interchange","type":"application/exi","ext":".exi" },
			".pfr":{ "desc":"Portable Font Resource","type":"application/font-tdpfr","ext":".pfr" },
			".stk":{ "desc":"Hyperstudio","type":"application/hyperstudio","ext":".stk" },
			".ipfix":{ "desc":"Internet Protocol Flow Information Export","type":"application/ipfix","ext":".ipfix" },
			".jar":{ "desc":"Java Archive","type":"application/java-archive","ext":".jar" },
			".ser":{ "desc":"Java Serialized Object","type":"application/java-serialized-object","ext":".ser" },
			".class":{ "desc":"Java Bytecode File","type":"application/java-vm","ext":".class" },
			".js":{ "desc":"JavaScript","type":"application/javascript","ext":".js" },
			".json":{ "desc":"JavaScript Object Notation (JSON)","type":"application/json","ext":".json" },
			".hqx":{ "desc":"Macintosh BinHex 4.0","type":"application/mac-binhex40","ext":".hqx" },
			".cpt":{ "desc":"Compact Pro","type":"application/mac-compactpro","ext":".cpt" },
			".mads":{ "desc":"Metadata Authority Description Schema","type":"application/mads+xml","ext":".mads" },
			".mrc":{ "desc":"MARC Formats","type":"application/marc","ext":".mrc" },
			".mrcx":{ "desc":"MARC21 XML Schema","type":"application/marcxml+xml","ext":".mrcx" },
			".ma":{ "desc":"Mathematica Notebooks","type":"application/mathematica","ext":".ma" },
			".mathml":{ "desc":"Mathematical Markup Language","type":"application/mathml+xml","ext":".mathml" },
			".mbox":{ "desc":"Mbox database files","type":"application/mbox","ext":".mbox" },
			".mscml":{ "desc":"Media Server Control Markup Language","type":"application/mediaservercontrol+xml","ext":".mscml" },
			".meta4":{ "desc":"Metalink","type":"application/metalink4+xml","ext":".meta4" },
			".mets":{ "desc":"Metadata Encoding and Transmission Standard","type":"application/mets+xml","ext":".mets" },
			".mods":{ "desc":"Metadata Object Description Schema","type":"application/mods+xml","ext":".mods" },
			".m21":{ "desc":"MPEG-21","type":"application/mp21","ext":".m21" },
			".doc":{ "desc":"Microsoft Word","type":"application/msword","ext":".doc" },
			".mxf":{ "desc":"Material Exchange Format","type":"application/mxf","ext":".mxf" },
			".bin":{ "desc":"Binary Data","type":"application/octet-stream","ext":".bin" },
			".oda":{ "desc":"Office Document Architecture","type":"application/oda","ext":".oda" },
			".opf":{ "desc":"Open eBook Publication Structure","type":"application/oebps-package+xml","ext":".opf" },
			".ogx":{ "desc":"Ogg","type":"application/ogg","ext":".ogx" },
			".onetoc":{ "desc":"Microsoft OneNote","type":"application/onenote","ext":".onetoc" },
			".xer":{ "desc":"XML Patch Framework","type":"application/patch-ops-error+xml","ext":".xer" },
			".pdf":{ "desc":"Adobe Portable Document Format","type":"application/pdf","ext":".pdf" },
			".pgp":{ "desc":"Pretty Good Privacy - Signature","type":"application/pgp-signature","ext":".pgp" },
			".prf":{ "desc":"PICSRules","type":"application/pics-rules","ext":".prf" },
			".p10":{ "desc":"PKCS #10 - Certification Request Standard","type":"application/pkcs10","ext":".p10" },
			".p7m":{ "desc":"PKCS #7 - Cryptographic Message Syntax Standard","type":"application/pkcs7-mime","ext":".p7m" },
			".p7s":{ "desc":"PKCS #7 - Cryptographic Message Syntax Standard","type":"application/pkcs7-signature","ext":".p7s" },
			".p8":{ "desc":"PKCS #8 - Private-Key Information Syntax Standard","type":"application/pkcs8","ext":".p8" },
			".ac":{ "desc":"Attribute Certificate","type":"application/pkix-attr-cert","ext":".ac" },
			".cer":{ "desc":"Internet Public Key Infrastructure - Certificate","type":"application/pkix-cert","ext":".cer" },
			".crl":{ "desc":"Internet Public Key Infrastructure - Certificate Revocation Lists","type":"application/pkix-crl","ext":".crl" },
			".pkipath":{ "desc":"Internet Public Key Infrastructure - Certification Path","type":"application/pkix-pkipath","ext":".pkipath" },
			".pki":{ "desc":"Internet Public Key Infrastructure - Certificate Management Protocole","type":"application/pkixcmp","ext":".pki" },
			".pls":{ "desc":"Pronunciation Lexicon Specification","type":"application/pls+xml","ext":".pls" },
			".ai":{ "desc":"PostScript","type":"application/postscript","ext":".ai" },
			".cww":{ "desc":"CU-Writer","type":"application/prs.cww","ext":".cww" },
			".pskcxml":{ "desc":"Portable Symmetric Key Container","type":"application/pskc+xml","ext":".pskcxml" },
			".rdf":{ "desc":"Resource Description Framework","type":"application/rdf+xml","ext":".rdf" },
			".rif":{ "desc":"IMS Networks","type":"application/reginfo+xml","ext":".rif" },
			".rnc":{ "desc":"Relax NG Compact Syntax","type":"application/relax-ng-compact-syntax","ext":".rnc" },
			".rl":{ "desc":"XML Resource Lists","type":"application/resource-lists+xml","ext":".rl" },
			".rld":{ "desc":"XML Resource Lists Diff","type":"application/resource-lists-diff+xml","ext":".rld" },
			".rs":{ "desc":"XML Resource Lists","type":"application/rls-services+xml","ext":".rs" },
			".rsd":{ "desc":"Really Simple Discovery","type":"application/rsd+xml","ext":".rsd" },
			".rss,":{ "desc":"RSS - Really Simple Syndication","type":"application/rss+xml","ext":".rss," },
			".rtf":{ "desc":"Rich Text Format","type":"application/rtf","ext":".rtf" },
			".sbml":{ "desc":"Systems Biology Markup Language","type":"application/sbml+xml","ext":".sbml" },
			".scq":{ "desc":"Server-Based Certificate Validation Protocol - Validation Request","type":"application/scvp-cv-request","ext":".scq" },
			".scs":{ "desc":"Server-Based Certificate Validation Protocol - Validation Response","type":"application/scvp-cv-response","ext":".scs" },
			".spq":{ "desc":"Server-Based Certificate Validation Protocol - Validation Policies - Request","type":"application/scvp-vp-request","ext":".spq" },
			".spp":{ "desc":"Server-Based Certificate Validation Protocol - Validation Policies - Response","type":"application/scvp-vp-response","ext":".spp" },
			".sdp":{ "desc":"Session Description Protocol","type":"application/sdp","ext":".sdp" },
			".setpay":{ "desc":"Secure Electronic Transaction - Payment","type":"application/set-payment-initiation","ext":".setpay" },
			".setreg":{ "desc":"Secure Electronic Transaction - Registration","type":"application/set-registration-initiation","ext":".setreg" },
			".shf":{ "desc":"S Hexdump Format","type":"application/shf+xml","ext":".shf" },
			".smi":{ "desc":"Synchronized Multimedia Integration Language","type":"application/smil+xml","ext":".smi" },
			".rq":{ "desc":"SPARQL - Query","type":"application/sparql-query","ext":".rq" },
			".srx":{ "desc":"SPARQL - Results","type":"application/sparql-results+xml","ext":".srx" },
			".gram":{ "desc":"Speech Recognition Grammar Specification","type":"application/srgs","ext":".gram" },
			".grxml":{ "desc":"Speech Recognition Grammar Specification - XML","type":"application/srgs+xml","ext":".grxml" },
			".sru":{ "desc":"Search/Retrieve via URL Response Format","type":"application/sru+xml","ext":".sru" },
			".ssml":{ "desc":"Speech Synthesis Markup Language","type":"application/ssml+xml","ext":".ssml" },
			".tei":{ "desc":"Text Encoding and Interchange","type":"application/tei+xml","ext":".tei" },
			".tfi":{ "desc":"Sharing Transaction Fraud Data","type":"application/thraud+xml","ext":".tfi" },
			".tsd":{ "desc":"Time Stamped Data Envelope","type":"application/timestamped-data","ext":".tsd" },
			".plb":{ "desc":"3rd Generation Partnership Project - Pic Large","type":"application/vnd.3gpp.pic-bw-large","ext":".plb" },
			".psb":{ "desc":"3rd Generation Partnership Project - Pic Small","type":"application/vnd.3gpp.pic-bw-small","ext":".psb" },
			".pvb":{ "desc":"3rd Generation Partnership Project - Pic Var","type":"application/vnd.3gpp.pic-bw-var","ext":".pvb" },
			".tcap":{ "desc":"3rd Generation Partnership Project - Transaction Capabilities Application Part","type":"application/vnd.3gpp2.tcap","ext":".tcap" },
			".pwn":{ "desc":"3M Post It Notes","type":"application/vnd.3m.post-it-notes","ext":".pwn" },
			".aso":{ "desc":"Simply Accounting","type":"application/vnd.accpac.simply.aso","ext":".aso" },
			".imp":{ "desc":"Simply Accounting - Data Import","type":"application/vnd.accpac.simply.imp","ext":".imp" },
			".acu":{ "desc":"ACU Cobol","type":"application/vnd.acucobol","ext":".acu" },
			".atc":{ "desc":"ACU Cobol","type":"application/vnd.acucorp","ext":".atc" },
			".air":{ "desc":"Adobe AIR Application","type":"application/vnd.adobe.air-application-installer-package+zip","ext":".air" },
			".fxp":{ "desc":"Adobe Flex Project","type":"application/vnd.adobe.fxp","ext":".fxp" },
			".xdp":{ "desc":"Adobe XML Data Package","type":"application/vnd.adobe.xdp+xml","ext":".xdp" },
			".xfdf":{ "desc":"Adobe XML Forms Data Format","type":"application/vnd.adobe.xfdf","ext":".xfdf" },
			".ahead":{ "desc":"Ahead AIR Application","type":"application/vnd.ahead.space","ext":".ahead" },
			".azf":{ "desc":"AirZip FileSECURE","type":"application/vnd.airzip.filesecure.azf","ext":".azf" },
			".azs":{ "desc":"AirZip FileSECURE","type":"application/vnd.airzip.filesecure.azs","ext":".azs" },
			".azw":{ "desc":"Amazon Kindle eBook format","type":"application/vnd.amazon.ebook","ext":".azw" },
			".acc":{ "desc":"Active Content Compression","type":"application/vnd.americandynamics.acc","ext":".acc" },
			".ami":{ "desc":"AmigaDE","type":"application/vnd.amiga.ami","ext":".ami" },
			".apk":{ "desc":"Android Package Archive","type":"application/vnd.android.package-archive","ext":".apk" },
			".cii":{ "desc":"ANSER-WEB Terminal Client - Certificate Issue","type":"application/vnd.anser-web-certificate-issue-initiation","ext":".cii" },
			".fti":{ "desc":"ANSER-WEB Terminal Client - Web Funds Transfer","type":"application/vnd.anser-web-funds-transfer-initiation","ext":".fti" },
			".atx":{ "desc":"Antix Game Player","type":"application/vnd.antix.game-component","ext":".atx" },
			".mpkg":{ "desc":"Apple Installer Package","type":"application/vnd.apple.installer+xml","ext":".mpkg" },
			".m3u8":{ "desc":"Multimedia Playlist Unicode","type":"application/vnd.apple.mpegurl","ext":".m3u8" },
			".swi":{ "desc":"Arista Networks Software Image","type":"application/vnd.aristanetworks.swi","ext":".swi" },
			".aep":{ "desc":"Audiograph","type":"application/vnd.audiograph","ext":".aep" },
			".mpm":{ "desc":"Blueice Research Multipass","type":"application/vnd.blueice.multipass","ext":".mpm" },
			".bmi":{ "desc":"BMI Drawing Data Interchange","type":"application/vnd.bmi","ext":".bmi" },
			".rep":{ "desc":"BusinessObjects","type":"application/vnd.businessobjects","ext":".rep" },
			".cdxml":{ "desc":"CambridgeSoft Chem Draw","type":"application/vnd.chemdraw+xml","ext":".cdxml" },
			".mmd":{ "desc":"Karaoke on Chipnuts Chipsets","type":"application/vnd.chipnuts.karaoke-mmd","ext":".mmd" },
			".cdy":{ "desc":"Interactive Geometry Software Cinderella","type":"application/vnd.cinderella","ext":".cdy" },
			".cla":{ "desc":"Claymore Data Files","type":"application/vnd.claymore","ext":".cla" },
			".rp9":{ "desc":"RetroPlatform Player","type":"application/vnd.cloanto.rp9","ext":".rp9" },
			".c4g":{ "desc":"Clonk Game","type":"application/vnd.clonk.c4group","ext":".c4g" },
			".c11amc":{ "desc":"ClueTrust CartoMobile - Config","type":"application/vnd.cluetrust.cartomobile-config","ext":".c11amc" },
			".c11amz":{ "desc":"ClueTrust CartoMobile - Config Package","type":"application/vnd.cluetrust.cartomobile-config-pkg","ext":".c11amz" },
			".csp":{ "desc":"Sixth Floor Media - CommonSpace","type":"application/vnd.commonspace","ext":".csp" },
			".cdbcmsg":{ "desc":"CIM Database","type":"application/vnd.contact.cmsg","ext":".cdbcmsg" },
			".cmc":{ "desc":"CosmoCaller","type":"application/vnd.cosmocaller","ext":".cmc" },
			".clkx":{ "desc":"CrickSoftware - Clicker","type":"application/vnd.crick.clicker","ext":".clkx" },
			".clkk":{ "desc":"CrickSoftware - Clicker - Keyboard","type":"application/vnd.crick.clicker.keyboard","ext":".clkk" },
			".clkp":{ "desc":"CrickSoftware - Clicker - Palette","type":"application/vnd.crick.clicker.palette","ext":".clkp" },
			".clkt":{ "desc":"CrickSoftware - Clicker - Template","type":"application/vnd.crick.clicker.template","ext":".clkt" },
			".clkw":{ "desc":"CrickSoftware - Clicker - Wordbank","type":"application/vnd.crick.clicker.wordbank","ext":".clkw" },
			".wbs":{ "desc":"Critical Tools - PERT Chart EXPERT","type":"application/vnd.criticaltools.wbs+xml","ext":".wbs" },
			".pml":{ "desc":"PosML","type":"application/vnd.ctc-posml","ext":".pml" },
			".ppd":{ "desc":"Adobe PostScript Printer Description File Format","type":"application/vnd.cups-ppd","ext":".ppd" },
			".car":{ "desc":"CURL Applet","type":"application/vnd.curl.car","ext":".car" },
			".pcurl":{ "desc":"CURL Applet","type":"application/vnd.curl.pcurl","ext":".pcurl" },
			".rdz":{ "desc":"RemoteDocs R-Viewer","type":"application/vnd.data-vision.rdz","ext":".rdz" },
			".fe_launch":{ "desc":"FCS Express Layout Link","type":"application/vnd.denovo.fcselayout-link","ext":".fe_launch" },
			".dna":{ "desc":"New Moon Liftoff/DNA","type":"application/vnd.dna","ext":".dna" },
			".mlp":{ "desc":"Dolby Meridian Lossless Packing","type":"application/vnd.dolby.mlp","ext":".mlp" },
			".dpg":{ "desc":"DPGraph","type":"application/vnd.dpgraph","ext":".dpg" },
			".dfac":{ "desc":"DreamFactory","type":"application/vnd.dreamfactory","ext":".dfac" },
			".ait":{ "desc":"Digital Video Broadcasting","type":"application/vnd.dvb.ait","ext":".ait" },
			".svc":{ "desc":"Digital Video Broadcasting","type":"application/vnd.dvb.service","ext":".svc" },
			".geo":{ "desc":"DynaGeo","type":"application/vnd.dynageo","ext":".geo" },
			".mag":{ "desc":"EcoWin Chart","type":"application/vnd.ecowin.chart","ext":".mag" },
			".nml":{ "desc":"Enliven Viewer","type":"application/vnd.enliven","ext":".nml" },
			".esf":{ "desc":"QUASS Stream Player","type":"application/vnd.epson.esf","ext":".esf" },
			".msf":{ "desc":"QUASS Stream Player","type":"application/vnd.epson.msf","ext":".msf" },
			".qam":{ "desc":"QuickAnime Player","type":"application/vnd.epson.quickanime","ext":".qam" },
			".slt":{ "desc":"SimpleAnimeLite Player","type":"application/vnd.epson.salt","ext":".slt" },
			".ssf":{ "desc":"QUASS Stream Player","type":"application/vnd.epson.ssf","ext":".ssf" },
			".es3":{ "desc":"MICROSEC e-Szign¢","type":"application/vnd.eszigno3+xml","ext":".es3" },
			".ez2":{ "desc":"EZPix Secure Photo Album","type":"application/vnd.ezpix-album","ext":".ez2" },
			".ez3":{ "desc":"EZPix Secure Photo Album","type":"application/vnd.ezpix-package","ext":".ez3" },
			".fdf":{ "desc":"Forms Data Format","type":"application/vnd.fdf","ext":".fdf" },
			".seed":{ "desc":"Digital Siesmograph Networks - SEED Datafiles","type":"application/vnd.fdsn.seed","ext":".seed" },
			".gph":{ "desc":"NpGraphIt","type":"application/vnd.flographit","ext":".gph" },
			".ftc":{ "desc":"FluxTime Clip","type":"application/vnd.fluxtime.clip","ext":".ftc" },
			".fm":{ "desc":"FrameMaker Normal Format","type":"application/vnd.framemaker","ext":".fm" },
			".fnc":{ "desc":"Frogans Player","type":"application/vnd.frogans.fnc","ext":".fnc" },
			".ltf":{ "desc":"Frogans Player","type":"application/vnd.frogans.ltf","ext":".ltf" },
			".fsc":{ "desc":"Friendly Software Corporation","type":"application/vnd.fsc.weblaunch","ext":".fsc" },
			".oas":{ "desc":"Fujitsu Oasys","type":"application/vnd.fujitsu.oasys","ext":".oas" },
			".oa2":{ "desc":"Fujitsu Oasys","type":"application/vnd.fujitsu.oasys2","ext":".oa2" },
			".oa3":{ "desc":"Fujitsu Oasys","type":"application/vnd.fujitsu.oasys3","ext":".oa3" },
			".fg5":{ "desc":"Fujitsu Oasys","type":"application/vnd.fujitsu.oasysgp","ext":".fg5" },
			".bh2":{ "desc":"Fujitsu Oasys","type":"application/vnd.fujitsu.oasysprs","ext":".bh2" },
			".ddd":{ "desc":"Fujitsu - Xerox 2D CAD Data","type":"application/vnd.fujixerox.ddd","ext":".ddd" },
			".xdw":{ "desc":"Fujitsu - Xerox DocuWorks","type":"application/vnd.fujixerox.docuworks","ext":".xdw" },
			".xbd":{ "desc":"Fujitsu - Xerox DocuWorks Binder","type":"application/vnd.fujixerox.docuworks.binder","ext":".xbd" },
			".fzs":{ "desc":"FuzzySheet","type":"application/vnd.fuzzysheet","ext":".fzs" },
			".txd":{ "desc":"Genomatix Tuxedo Framework","type":"application/vnd.genomatix.tuxedo","ext":".txd" },
			".ggb":{ "desc":"GeoGebra","type":"application/vnd.geogebra.file","ext":".ggb" },
			".ggt":{ "desc":"GeoGebra","type":"application/vnd.geogebra.tool","ext":".ggt" },
			".gex":{ "desc":"GeoMetry Explorer","type":"application/vnd.geometry-explorer","ext":".gex" },
			".gxt":{ "desc":"GEONExT and JSXGraph","type":"application/vnd.geonext","ext":".gxt" },
			".g2w":{ "desc":"GeoplanW","type":"application/vnd.geoplan","ext":".g2w" },
			".g3w":{ "desc":"GeospacW","type":"application/vnd.geospace","ext":".g3w" },
			".gmx":{ "desc":"GameMaker ActiveX","type":"application/vnd.gmx","ext":".gmx" },
			".kml":{ "desc":"Google Earth - KML","type":"application/vnd.google-earth.kml+xml","ext":".kml" },
			".kmz":{ "desc":"Google Earth - Zipped KML","type":"application/vnd.google-earth.kmz","ext":".kmz" },
			".gqf":{ "desc":"GrafEq","type":"application/vnd.grafeq","ext":".gqf" },
			".gac":{ "desc":"Groove - Account","type":"application/vnd.groove-account","ext":".gac" },
			".ghf":{ "desc":"Groove - Help","type":"application/vnd.groove-help","ext":".ghf" },
			".gim":{ "desc":"Groove - Identity Message","type":"application/vnd.groove-identity-message","ext":".gim" },
			".grv":{ "desc":"Groove - Injector","type":"application/vnd.groove-injector","ext":".grv" },
			".gtm":{ "desc":"Groove - Tool Message","type":"application/vnd.groove-tool-message","ext":".gtm" },
			".tpl":{ "desc":"Groove - Tool Template","type":"application/vnd.groove-tool-template","ext":".tpl" },
			".vcg":{ "desc":"Groove - Vcard","type":"application/vnd.groove-vcard","ext":".vcg" },
			".hal":{ "desc":"Hypertext Application Language","type":"application/vnd.hal+xml","ext":".hal" },
			".zmm":{ "desc":"ZVUE Media Manager","type":"application/vnd.handheld-entertainment+xml","ext":".zmm" },
			".hbci":{ "desc":"Homebanking Computer Interface (HBCI)","type":"application/vnd.hbci","ext":".hbci" },
			".les":{ "desc":"Archipelago Lesson Player","type":"application/vnd.hhe.lesson-player","ext":".les" },
			".hpgl":{ "desc":"HP-GL/2 and HP RTL","type":"application/vnd.hp-hpgl","ext":".hpgl" },
			".hpid":{ "desc":"Hewlett Packard Instant Delivery","type":"application/vnd.hp-hpid","ext":".hpid" },
			".hps":{ "desc":"Hewlett-Packard's WebPrintSmart","type":"application/vnd.hp-hps","ext":".hps" },
			".jlt":{ "desc":"HP Indigo Digital Press - Job Layout Languate","type":"application/vnd.hp-jlyt","ext":".jlt" },
			".pcl":{ "desc":"HP Printer Command Language","type":"application/vnd.hp-pcl","ext":".pcl" },
			".pclxl":{ "desc":"PCL 6 Enhanced (Formely PCL XL)","type":"application/vnd.hp-pclxl","ext":".pclxl" },
			".sfd-hdstx":{ "desc":"Hydrostatix Master Suite","type":"application/vnd.hydrostatix.sof-data","ext":".sfd-hdstx" },
			".x3d":{ "desc":"3D Crossword Plugin","type":"application/vnd.hzn-3d-crossword","ext":".x3d" },
			".mpy":{ "desc":"MiniPay","type":"application/vnd.ibm.minipay","ext":".mpy" },
			".afp":{ "desc":"MO:DCA-P","type":"application/vnd.ibm.modcap","ext":".afp" },
			".irm":{ "desc":"IBM DB2 Rights Manager","type":"application/vnd.ibm.rights-management","ext":".irm" },
			".sc":{ "desc":"IBM Electronic Media Management System - Secure Container","type":"application/vnd.ibm.secure-container","ext":".sc" },
			".icc":{ "desc":"ICC profile","type":"application/vnd.iccprofile","ext":".icc" },
			".igl":{ "desc":"igLoader","type":"application/vnd.igloader","ext":".igl" },
			".ivp":{ "desc":"ImmerVision PURE Players","type":"application/vnd.immervision-ivp","ext":".ivp" },
			".ivu":{ "desc":"ImmerVision PURE Players","type":"application/vnd.immervision-ivu","ext":".ivu" },
			".igm":{ "desc":"IOCOM Visimeet","type":"application/vnd.insors.igm","ext":".igm" },
			".xpw":{ "desc":"Intercon FormNet","type":"application/vnd.intercon.formnet","ext":".xpw" },
			".i2g":{ "desc":"Interactive Geometry Software","type":"application/vnd.intergeo","ext":".i2g" },
			".qbo":{ "desc":"Open Financial Exchange","type":"application/vnd.intu.qbo","ext":".qbo" },
			".qfx":{ "desc":"Quicken","type":"application/vnd.intu.qfx","ext":".qfx" },
			".rcprofile":{ "desc":"IP Unplugged Roaming Client","type":"application/vnd.ipunplugged.rcprofile","ext":".rcprofile" },
			".irp":{ "desc":"iRepository / Lucidoc Editor","type":"application/vnd.irepository.package+xml","ext":".irp" },
			".xpr":{ "desc":"Express by Infoseek","type":"application/vnd.is-xpr","ext":".xpr" },
			".fcs":{ "desc":"International Society for Advancement of Cytometry","type":"application/vnd.isac.fcs","ext":".fcs" },
			".jam":{ "desc":"Lightspeed Audio Lab","type":"application/vnd.jam","ext":".jam" },
			".rms":{ "desc":"Mobile Information Device Profile","type":"application/vnd.jcp.javame.midlet-rms","ext":".rms" },
			".jisp":{ "desc":"RhymBox","type":"application/vnd.jisp","ext":".jisp" },
			".joda":{ "desc":"Joda Archive","type":"application/vnd.joost.joda-archive","ext":".joda" },
			".ktz":{ "desc":"Kahootz","type":"application/vnd.kahootz","ext":".ktz" },
			".karbon":{ "desc":"KDE KOffice Office Suite - Karbon","type":"application/vnd.kde.karbon","ext":".karbon" },
			".chrt":{ "desc":"KDE KOffice Office Suite - KChart","type":"application/vnd.kde.kchart","ext":".chrt" },
			".kfo":{ "desc":"KDE KOffice Office Suite - Kformula","type":"application/vnd.kde.kformula","ext":".kfo" },
			".flw":{ "desc":"KDE KOffice Office Suite - Kivio","type":"application/vnd.kde.kivio","ext":".flw" },
			".kon":{ "desc":"KDE KOffice Office Suite - Kontour","type":"application/vnd.kde.kontour","ext":".kon" },
			".kpr":{ "desc":"KDE KOffice Office Suite - Kpresenter","type":"application/vnd.kde.kpresenter","ext":".kpr" },
			".ksp":{ "desc":"KDE KOffice Office Suite - Kspread","type":"application/vnd.kde.kspread","ext":".ksp" },
			".kwd":{ "desc":"KDE KOffice Office Suite - Kword","type":"application/vnd.kde.kword","ext":".kwd" },
			".htke":{ "desc":"Kenamea App","type":"application/vnd.kenameaapp","ext":".htke" },
			".kia":{ "desc":"Kidspiration","type":"application/vnd.kidspiration","ext":".kia" },
			".kne":{ "desc":"Kinar Applications","type":"application/vnd.kinar","ext":".kne" },
			".skp":{ "desc":"SSEYO Koan Play File","type":"application/vnd.koan","ext":".skp" },
			".sse":{ "desc":"Kodak Storyshare","type":"application/vnd.kodak-descriptor","ext":".sse" },
			".lasxml":{ "desc":"Laser App Enterprise","type":"application/vnd.las.las+xml","ext":".lasxml" },
			".lbd":{ "desc":"Life Balance - Desktop Edition","type":"application/vnd.llamagraphics.life-balance.desktop","ext":".lbd" },
			".lbe":{ "desc":"Life Balance - Exchange Format","type":"application/vnd.llamagraphics.life-balance.exchange+xml","ext":".lbe" },
			".123":{ "desc":"Lotus 1-2-3","type":"application/vnd.lotus-1-2-3","ext":".123" },
			".apr":{ "desc":"Lotus Approach","type":"application/vnd.lotus-approach","ext":".apr" },
			".pre":{ "desc":"Lotus Freelance","type":"application/vnd.lotus-freelance","ext":".pre" },
			".nsf":{ "desc":"Lotus Notes","type":"application/vnd.lotus-notes","ext":".nsf" },
			".org":{ "desc":"Lotus Organizer","type":"application/vnd.lotus-organizer","ext":".org" },
			".scm":{ "desc":"Lotus Screencam","type":"application/vnd.lotus-screencam","ext":".scm" },
			".lwp":{ "desc":"Lotus Wordpro","type":"application/vnd.lotus-wordpro","ext":".lwp" },
			".portpkg":{ "desc":"MacPorts Port System","type":"application/vnd.macports.portpkg","ext":".portpkg" },
			".mcd":{ "desc":"Micro CADAM Helix D&D","type":"application/vnd.mcd","ext":".mcd" },
			".mc1":{ "desc":"MedCalc","type":"application/vnd.medcalcdata","ext":".mc1" },
			".cdkey":{ "desc":"MediaRemote","type":"application/vnd.mediastation.cdkey","ext":".cdkey" },
			".mwf":{ "desc":"Medical Waveform Encoding Format","type":"application/vnd.mfer","ext":".mwf" },
			".mfm":{ "desc":"Melody Format for Mobile Platform","type":"application/vnd.mfmp","ext":".mfm" },
			".flo":{ "desc":"Micrografx","type":"application/vnd.micrografx.flo","ext":".flo" },
			".igx":{ "desc":"Micrografx iGrafx Professional","type":"application/vnd.micrografx.igx","ext":".igx" },
			".mif":{ "desc":"FrameMaker Interchange Format","type":"application/vnd.mif","ext":".mif" },
			".daf":{ "desc":"Mobius Management Systems - UniversalArchive","type":"application/vnd.mobius.daf","ext":".daf" },
			".dis":{ "desc":"Mobius Management Systems - Distribution Database","type":"application/vnd.mobius.dis","ext":".dis" },
			".mbk":{ "desc":"Mobius Management Systems - Basket file","type":"application/vnd.mobius.mbk","ext":".mbk" },
			".mqy":{ "desc":"Mobius Management Systems - Query File","type":"application/vnd.mobius.mqy","ext":".mqy" },
			".msl":{ "desc":"Mobius Management Systems - Script Language","type":"application/vnd.mobius.msl","ext":".msl" },
			".plc":{ "desc":"Mobius Management Systems - Policy Definition Language File","type":"application/vnd.mobius.plc","ext":".plc" },
			".txf":{ "desc":"Mobius Management Systems - Topic Index File","type":"application/vnd.mobius.txf","ext":".txf" },
			".mpn":{ "desc":"Mophun VM","type":"application/vnd.mophun.application","ext":".mpn" },
			".mpc":{ "desc":"Mophun Certificate","type":"application/vnd.mophun.certificate","ext":".mpc" },
			".xul":{ "desc":"XUL - XML User Interface Language","type":"application/vnd.mozilla.xul+xml","ext":".xul" },
			".cil":{ "desc":"Microsoft Artgalry","type":"application/vnd.ms-artgalry","ext":".cil" },
			".cab":{ "desc":"Microsoft Cabinet File","type":"application/vnd.ms-cab-compressed","ext":".cab" },
			".xls":{ "desc":"Microsoft Excel","type":"application/vnd.ms-excel","ext":".xls" },
			".xlam":{ "desc":"Microsoft Excel - Add-In File","type":"application/vnd.ms-excel.addin.macroenabled.12","ext":".xlam" },
			".xlsb":{ "desc":"Microsoft Excel - Binary Workbook","type":"application/vnd.ms-excel.sheet.binary.macroenabled.12","ext":".xlsb" },
			".xlsm":{ "desc":"Microsoft Excel - Macro-Enabled Workbook","type":"application/vnd.ms-excel.sheet.macroenabled.12","ext":".xlsm" },
			".xltm":{ "desc":"Microsoft Excel - Macro-Enabled Template File","type":"application/vnd.ms-excel.template.macroenabled.12","ext":".xltm" },
			".eot":{ "desc":"Microsoft Embedded OpenType","type":"application/vnd.ms-fontobject","ext":".eot" },
			".chm":{ "desc":"Microsoft Html Help File","type":"application/vnd.ms-htmlhelp","ext":".chm" },
			".ims":{ "desc":"Microsoft Class Server","type":"application/vnd.ms-ims","ext":".ims" },
			".lrm":{ "desc":"Microsoft Learning Resource Module","type":"application/vnd.ms-lrm","ext":".lrm" },
			".thmx":{ "desc":"Microsoft Office System Release Theme","type":"application/vnd.ms-officetheme","ext":".thmx" },
			".cat":{ "desc":"Microsoft Trust UI Provider - Security Catalog","type":"application/vnd.ms-pki.seccat","ext":".cat" },
			".stl":{ "desc":"Microsoft Trust UI Provider - Certificate Trust Link","type":"application/vnd.ms-pki.stl","ext":".stl" },
			".ppt":{ "desc":"Microsoft PowerPoint","type":"application/vnd.ms-powerpoint","ext":".ppt" },
			".ppam":{ "desc":"Microsoft PowerPoint - Add-in file","type":"application/vnd.ms-powerpoint.addin.macroenabled.12","ext":".ppam" },
			".pptm":{ "desc":"Microsoft PowerPoint - Macro-Enabled Presentation File","type":"application/vnd.ms-powerpoint.presentation.macroenabled.12","ext":".pptm" },
			".sldm":{ "desc":"Microsoft PowerPoint - Macro-Enabled Open XML Slide","type":"application/vnd.ms-powerpoint.slide.macroenabled.12","ext":".sldm" },
			".ppsm":{ "desc":"Microsoft PowerPoint - Macro-Enabled Slide Show File","type":"application/vnd.ms-powerpoint.slideshow.macroenabled.12","ext":".ppsm" },
			".potm":{ "desc":"Micosoft PowerPoint - Macro-Enabled Template File","type":"application/vnd.ms-powerpoint.template.macroenabled.12","ext":".potm" },
			".mpp":{ "desc":"Microsoft Project","type":"application/vnd.ms-project","ext":".mpp" },
			".docm":{ "desc":"Micosoft Word - Macro-Enabled Document","type":"application/vnd.ms-word.document.macroenabled.12","ext":".docm" },
			".dotm":{ "desc":"Micosoft Word - Macro-Enabled Template","type":"application/vnd.ms-word.template.macroenabled.12","ext":".dotm" },
			".wps":{ "desc":"Microsoft Works","type":"application/vnd.ms-works","ext":".wps" },
			".wpl":{ "desc":"Microsoft Windows Media Player Playlist","type":"application/vnd.ms-wpl","ext":".wpl" },
			".xps":{ "desc":"Microsoft XML Paper Specification","type":"application/vnd.ms-xpsdocument","ext":".xps" },
			".mseq":{ "desc":"3GPP MSEQ File","type":"application/vnd.mseq","ext":".mseq" },
			".mus":{ "desc":"MUsical Score Interpreted Code Invented for the ASCII designation of Notation","type":"application/vnd.musician","ext":".mus" },
			".msty":{ "desc":"Muvee Automatic Video Editing","type":"application/vnd.muvee.style","ext":".msty" },
			".nlu":{ "desc":"neuroLanguage","type":"application/vnd.neurolanguage.nlu","ext":".nlu" },
			".nnd":{ "desc":"NobleNet Directory","type":"application/vnd.noblenet-directory","ext":".nnd" },
			".nns":{ "desc":"NobleNet Sealer","type":"application/vnd.noblenet-sealer","ext":".nns" },
			".nnw":{ "desc":"NobleNet Web","type":"application/vnd.noblenet-web","ext":".nnw" },
			".ngdat":{ "desc":"N-Gage Game Data","type":"application/vnd.nokia.n-gage.data","ext":".ngdat" },
			".n-gage":{ "desc":"N-Gage Game Installer","type":"application/vnd.nokia.n-gage.symbian.install","ext":".n-gage" },
			".rpst":{ "desc":"Nokia Radio Application - Preset","type":"application/vnd.nokia.radio-preset","ext":".rpst" },
			".rpss":{ "desc":"Nokia Radio Application - Preset","type":"application/vnd.nokia.radio-presets","ext":".rpss" },
			".edm":{ "desc":"Novadigm's RADIA and EDM products","type":"application/vnd.novadigm.edm","ext":".edm" },
			".edx":{ "desc":"Novadigm's RADIA and EDM products","type":"application/vnd.novadigm.edx","ext":".edx" },
			".ext":{ "desc":"Novadigm's RADIA and EDM products","type":"application/vnd.novadigm.ext","ext":".ext" },
			".odc":{ "desc":"OpenDocument Chart","type":"application/vnd.oasis.opendocument.chart","ext":".odc" },
			".otc":{ "desc":"OpenDocument Chart Template","type":"application/vnd.oasis.opendocument.chart-template","ext":".otc" },
			".odb":{ "desc":"OpenDocument Database","type":"application/vnd.oasis.opendocument.database","ext":".odb" },
			".odf":{ "desc":"OpenDocument Formula","type":"application/vnd.oasis.opendocument.formula","ext":".odf" },
			".odft":{ "desc":"OpenDocument Formula Template","type":"application/vnd.oasis.opendocument.formula-template","ext":".odft" },
			".odg":{ "desc":"OpenDocument Graphics","type":"application/vnd.oasis.opendocument.graphics","ext":".odg" },
			".otg":{ "desc":"OpenDocument Graphics Template","type":"application/vnd.oasis.opendocument.graphics-template","ext":".otg" },
			".odi":{ "desc":"OpenDocument Image","type":"application/vnd.oasis.opendocument.image","ext":".odi" },
			".oti":{ "desc":"OpenDocument Image Template","type":"application/vnd.oasis.opendocument.image-template","ext":".oti" },
			".odp":{ "desc":"OpenDocument Presentation","type":"application/vnd.oasis.opendocument.presentation","ext":".odp" },
			".otp":{ "desc":"OpenDocument Presentation Template","type":"application/vnd.oasis.opendocument.presentation-template","ext":".otp" },
			".ods":{ "desc":"OpenDocument Spreadsheet","type":"application/vnd.oasis.opendocument.spreadsheet","ext":".ods" },
			".ots":{ "desc":"OpenDocument Spreadsheet Template","type":"application/vnd.oasis.opendocument.spreadsheet-template","ext":".ots" },
			".odt":{ "desc":"OpenDocument Text","type":"application/vnd.oasis.opendocument.text","ext":".odt" },
			".odm":{ "desc":"OpenDocument Text Master","type":"application/vnd.oasis.opendocument.text-master","ext":".odm" },
			".ott":{ "desc":"OpenDocument Text Template","type":"application/vnd.oasis.opendocument.text-template","ext":".ott" },
			".oth":{ "desc":"Open Document Text Web","type":"application/vnd.oasis.opendocument.text-web","ext":".oth" },
			".xo":{ "desc":"Sugar Linux Application Bundle","type":"application/vnd.olpc-sugar","ext":".xo" },
			".dd2":{ "desc":"OMA Download Agents","type":"application/vnd.oma.dd2+xml","ext":".dd2" },
			".oxt":{ "desc":"Open Office Extension","type":"application/vnd.openofficeorg.extension","ext":".oxt" },
			".pptx":{ "desc":"Microsoft Office - OOXML - Presentation","type":"application/vnd.openxmlformats-officedocument.presentationml.presentation","ext":".pptx" },
			".sldx":{ "desc":"Microsoft Office - OOXML - Presentation (Slide)","type":"application/vnd.openxmlformats-officedocument.presentationml.slide","ext":".sldx" },
			".ppsx":{ "desc":"Microsoft Office - OOXML - Presentation (Slideshow)","type":"application/vnd.openxmlformats-officedocument.presentationml.slideshow","ext":".ppsx" },
			".potx":{ "desc":"Microsoft Office - OOXML - Presentation Template","type":"application/vnd.openxmlformats-officedocument.presentationml.template","ext":".potx" },
			".xlsx":{ "desc":"Microsoft Office - OOXML - Spreadsheet","type":"application/vnd.openxmlformats-officedocument.spreadsheetml.sheet","ext":".xlsx" },
			".xltx":{ "desc":"Microsoft Office - OOXML - Spreadsheet Teplate","type":"application/vnd.openxmlformats-officedocument.spreadsheetml.template","ext":".xltx" },
			".docx":{ "desc":"Microsoft Office - OOXML - Word Document","type":"application/vnd.openxmlformats-officedocument.wordprocessingml.document","ext":".docx" },
			".dotx":{ "desc":"Microsoft Office - OOXML - Word Document Template","type":"application/vnd.openxmlformats-officedocument.wordprocessingml.template","ext":".dotx" },
			".mgp":{ "desc":"MapGuide DBXML","type":"application/vnd.osgeo.mapguide.package","ext":".mgp" },
			".dp":{ "desc":"OSGi Deployment Package","type":"application/vnd.osgi.dp","ext":".dp" },
			".pdb":{ "desc":"PalmOS Data","type":"application/vnd.palm","ext":".pdb" },
			".paw":{ "desc":"PawaaFILE","type":"application/vnd.pawaafile","ext":".paw" },
			".str":{ "desc":"Proprietary P&G Standard Reporting System","type":"application/vnd.pg.format","ext":".str" },
			".ei6":{ "desc":"Proprietary P&G Standard Reporting System","type":"application/vnd.pg.osasli","ext":".ei6" },
			".efif":{ "desc":"Pcsel eFIF File","type":"application/vnd.picsel","ext":".efif" },
			".wg":{ "desc":"Qualcomm's Plaza Mobile Internet","type":"application/vnd.pmi.widget","ext":".wg" },
			".plf":{ "desc":"PocketLearn Viewers","type":"application/vnd.pocketlearn","ext":".plf" },
			".pbd":{ "desc":"PowerBuilder","type":"application/vnd.powerbuilder6","ext":".pbd" },
			".box":{ "desc":"Preview Systems ZipLock/VBox","type":"application/vnd.previewsystems.box","ext":".box" },
			".mgz":{ "desc":"EFI Proteus","type":"application/vnd.proteus.magazine","ext":".mgz" },
			".qps":{ "desc":"PubliShare Objects","type":"application/vnd.publishare-delta-tree","ext":".qps" },
			".ptid":{ "desc":"Princeton Video Image","type":"application/vnd.pvi.ptid1","ext":".ptid" },
			".qxd":{ "desc":"QuarkXpress","type":"application/vnd.quark.quarkxpress","ext":".qxd" },
			".bed":{ "desc":"RealVNC","type":"application/vnd.realvnc.bed","ext":".bed" },
			".mxl":{ "desc":"Recordare Applications","type":"application/vnd.recordare.musicxml","ext":".mxl" },
			".musicxml":{ "desc":"Recordare Applications","type":"application/vnd.recordare.musicxml+xml","ext":".musicxml" },
			".cryptonote":{ "desc":"CryptoNote","type":"application/vnd.rig.cryptonote","ext":".cryptonote" },
			".cod":{ "desc":"Blackberry COD File","type":"application/vnd.rim.cod","ext":".cod" },
			".rm":{ "desc":"RealMedia","type":"application/vnd.rn-realmedia","ext":".rm" },
			".link66":{ "desc":"ROUTE 66 Location Based Services","type":"application/vnd.route66.link66+xml","ext":".link66" },
			".st":{ "desc":"SailingTracker","type":"application/vnd.sailingtracker.track","ext":".st" },
			".see":{ "desc":"SeeMail","type":"application/vnd.seemail","ext":".see" },
			".sema":{ "desc":"Secured eMail","type":"application/vnd.sema","ext":".sema" },
			".semd":{ "desc":"Secured eMail","type":"application/vnd.semd","ext":".semd" },
			".semf":{ "desc":"Secured eMail","type":"application/vnd.semf","ext":".semf" },
			".ifm":{ "desc":"Shana Informed Filler","type":"application/vnd.shana.informed.formdata","ext":".ifm" },
			".itp":{ "desc":"Shana Informed Filler","type":"application/vnd.shana.informed.formtemplate","ext":".itp" },
			".iif":{ "desc":"Shana Informed Filler","type":"application/vnd.shana.informed.interchange","ext":".iif" },
			".ipk":{ "desc":"Shana Informed Filler","type":"application/vnd.shana.informed.package","ext":".ipk" },
			".twd":{ "desc":"SimTech MindMapper","type":"application/vnd.simtech-mindmapper","ext":".twd" },
			".mmf":{ "desc":"SMAF File","type":"application/vnd.smaf","ext":".mmf" },
			".teacher":{ "desc":"SMART Technologies Apps","type":"application/vnd.smart.teacher","ext":".teacher" },
			".sdkm":{ "desc":"SudokuMagic","type":"application/vnd.solent.sdkm+xml","ext":".sdkm" },
			".dxp":{ "desc":"TIBCO Spotfire","type":"application/vnd.spotfire.dxp","ext":".dxp" },
			".sfs":{ "desc":"TIBCO Spotfire","type":"application/vnd.spotfire.sfs","ext":".sfs" },
			".sdc":{ "desc":"StarOffice - Calc","type":"application/vnd.stardivision.calc","ext":".sdc" },
			".sda":{ "desc":"StarOffice - Draw","type":"application/vnd.stardivision.draw","ext":".sda" },
			".sdd":{ "desc":"StarOffice - Impress","type":"application/vnd.stardivision.impress","ext":".sdd" },
			".smf":{ "desc":"StarOffice - Math","type":"application/vnd.stardivision.math","ext":".smf" },
			".sdw":{ "desc":"StarOffice - Writer","type":"application/vnd.stardivision.writer","ext":".sdw" },
			".sgl":{ "desc":"StarOffice - Writer (Global)","type":"application/vnd.stardivision.writer-global","ext":".sgl" },
			".sm":{ "desc":"StepMania","type":"application/vnd.stepmania.stepchart","ext":".sm" },
			".sxc":{ "desc":"OpenOffice - Calc (Spreadsheet)","type":"application/vnd.sun.xml.calc","ext":".sxc" },
			".stc":{ "desc":"OpenOffice - Calc Template (Spreadsheet)","type":"application/vnd.sun.xml.calc.template","ext":".stc" },
			".sxd":{ "desc":"OpenOffice - Draw (Graphics)","type":"application/vnd.sun.xml.draw","ext":".sxd" },
			".std":{ "desc":"OpenOffice - Draw Template (Graphics)","type":"application/vnd.sun.xml.draw.template","ext":".std" },
			".sxi":{ "desc":"OpenOffice - Impress (Presentation)","type":"application/vnd.sun.xml.impress","ext":".sxi" },
			".sti":{ "desc":"OpenOffice - Impress Template (Presentation)","type":"application/vnd.sun.xml.impress.template","ext":".sti" },
			".sxm":{ "desc":"OpenOffice - Math (Formula)","type":"application/vnd.sun.xml.math","ext":".sxm" },
			".sxw":{ "desc":"OpenOffice - Writer (Text - HTML)","type":"application/vnd.sun.xml.writer","ext":".sxw" },
			".sxg":{ "desc":"OpenOffice - Writer (Text - HTML)","type":"application/vnd.sun.xml.writer.global","ext":".sxg" },
			".stw":{ "desc":"OpenOffice - Writer Template (Text - HTML)","type":"application/vnd.sun.xml.writer.template","ext":".stw" },
			".sus":{ "desc":"ScheduleUs","type":"application/vnd.sus-calendar","ext":".sus" },
			".svd":{ "desc":"SourceView Document","type":"application/vnd.svd","ext":".svd" },
			".sis":{ "desc":"Symbian Install Package","type":"application/vnd.symbian.install","ext":".sis" },
			".xsm":{ "desc":"SyncML","type":"application/vnd.syncml+xml","ext":".xsm" },
			".bdm":{ "desc":"SyncML - Device Management","type":"application/vnd.syncml.dm+wbxml","ext":".bdm" },
			".xdm":{ "desc":"SyncML - Device Management","type":"application/vnd.syncml.dm+xml","ext":".xdm" },
			".tao":{ "desc":"Tao Intent","type":"application/vnd.tao.intent-module-archive","ext":".tao" },
			".tmo":{ "desc":"MobileTV","type":"application/vnd.tmobile-livetv","ext":".tmo" },
			".tpt":{ "desc":"TRI Systems Config","type":"application/vnd.trid.tpt","ext":".tpt" },
			".mxs":{ "desc":"Triscape Map Explorer","type":"application/vnd.triscape.mxs","ext":".mxs" },
			".tra":{ "desc":"True BASIC","type":"application/vnd.trueapp","ext":".tra" },
			".ufd":{ "desc":"Universal Forms Description Language","type":"application/vnd.ufdl","ext":".ufd" },
			".utz":{ "desc":"User Interface Quartz - Theme (Symbian)","type":"application/vnd.uiq.theme","ext":".utz" },
			".umj":{ "desc":"UMAJIN","type":"application/vnd.umajin","ext":".umj" },
			".unityweb":{ "desc":"Unity 3d","type":"application/vnd.unity","ext":".unityweb" },
			".uoml":{ "desc":"Unique Object Markup Language","type":"application/vnd.uoml+xml","ext":".uoml" },
			".vcx":{ "desc":"VirtualCatalog","type":"application/vnd.vcx","ext":".vcx" },
			".vsd":{ "desc":"Microsoft Visio","type":"application/vnd.visio","ext":".vsd" },
			".vis":{ "desc":"Visionary","type":"application/vnd.visionary","ext":".vis" },
			".vsf":{ "desc":"Viewport+","type":"application/vnd.vsf","ext":".vsf" },
			".wbxml":{ "desc":"WAP Binary XML (WBXML)","type":"application/vnd.wap.wbxml","ext":".wbxml" },
			".wmlc":{ "desc":"Compiled Wireless Markup Language (WMLC)","type":"application/vnd.wap.wmlc","ext":".wmlc" },
			".wmlsc":{ "desc":"WMLScript","type":"application/vnd.wap.wmlscriptc","ext":".wmlsc" },
			".wtb":{ "desc":"WebTurbo","type":"application/vnd.webturbo","ext":".wtb" },
			".nbp":{ "desc":"Mathematica Notebook Player","type":"application/vnd.wolfram.player","ext":".nbp" },
			".wpd":{ "desc":"Wordperfect","type":"application/vnd.wordperfect","ext":".wpd" },
			".wqd":{ "desc":"SundaHus WQ","type":"application/vnd.wqd","ext":".wqd" },
			".stf":{ "desc":"Worldtalk","type":"application/vnd.wt.stf","ext":".stf" },
			".xar":{ "desc":"CorelXARA","type":"application/vnd.xara","ext":".xar" },
			".xfdl":{ "desc":"Extensible Forms Description Language","type":"application/vnd.xfdl","ext":".xfdl" },
			".hvd":{ "desc":"HV Voice Dictionary","type":"application/vnd.yamaha.hv-dic","ext":".hvd" },
			".hvs":{ "desc":"HV Script","type":"application/vnd.yamaha.hv-script","ext":".hvs" },
			".hvp":{ "desc":"HV Voice Parameter","type":"application/vnd.yamaha.hv-voice","ext":".hvp" },
			".osf":{ "desc":"Open Score Format","type":"application/vnd.yamaha.openscoreformat","ext":".osf" },
			".osfpvg":{ "desc":"OSFPVG","type":"application/vnd.yamaha.openscoreformat.osfpvg+xml","ext":".osfpvg" },
			".saf":{ "desc":"SMAF Audio","type":"application/vnd.yamaha.smaf-audio","ext":".saf" },
			".spf":{ "desc":"SMAF Phrase","type":"application/vnd.yamaha.smaf-phrase","ext":".spf" },
			".cmp":{ "desc":"CustomMenu","type":"application/vnd.yellowriver-custom-menu","ext":".cmp" },
			".zir":{ "desc":"Z.U.L. Geometry","type":"application/vnd.zul","ext":".zir" },
			".zaz":{ "desc":"Zzazz Deck","type":"application/vnd.zzazz.deck+xml","ext":".zaz" },
			".vxml":{ "desc":"VoiceXML","type":"application/voicexml+xml","ext":".vxml" },
			".wgt":{ "desc":"Widget Packaging and XML Configuration","type":"application/widget","ext":".wgt" },
			".hlp":{ "desc":"WinHelp","type":"application/winhlp","ext":".hlp" },
			".wsdl":{ "desc":"WSDL - Web Services Description Language","type":"application/wsdl+xml","ext":".wsdl" },
			".wspolicy":{ "desc":"Web Services Policy","type":"application/wspolicy+xml","ext":".wspolicy" },
			".7z":{ "desc":"7-Zip","type":"application/x-7z-compressed","ext":".7z" },
			".abw":{ "desc":"AbiWord","type":"application/x-abiword","ext":".abw" },
			".ace":{ "desc":"Ace Archive","type":"application/x-ace-compressed","ext":".ace" },
			".aab":{ "desc":"Adobe (Macropedia) Authorware - Binary File","type":"application/x-authorware-bin","ext":".aab" },
			".aam":{ "desc":"Adobe (Macropedia) Authorware - Map","type":"application/x-authorware-map","ext":".aam" },
			".aas":{ "desc":"Adobe (Macropedia) Authorware - Segment File","type":"application/x-authorware-seg","ext":".aas" },
			".bcpio":{ "desc":"Binary CPIO Archive","type":"application/x-bcpio","ext":".bcpio" },
			".torrent":{ "desc":"BitTorrent","type":"application/x-bittorrent","ext":".torrent" },
			".bz":{ "desc":"Bzip Archive","type":"application/x-bzip","ext":".bz" },
			".bz2":{ "desc":"Bzip2 Archive","type":"application/x-bzip2","ext":".bz2" },
			".vcd":{ "desc":"Video CD","type":"application/x-cdlink","ext":".vcd" },
			".chat":{ "desc":"pIRCh","type":"application/x-chat","ext":".chat" },
			".pgn":{ "desc":"Portable Game Notation (Chess Games)","type":"application/x-chess-pgn","ext":".pgn" },
			".cpio":{ "desc":"CPIO Archive","type":"application/x-cpio","ext":".cpio" },
			".csh":{ "desc":"C Shell Script","type":"application/x-csh","ext":".csh" },
			".deb":{ "desc":"Debian Package","type":"application/x-debian-package","ext":".deb" },
			".dir":{ "desc":"Adobe Shockwave Player","type":"application/x-director","ext":".dir" },
			".wad":{ "desc":"Doom Video Game","type":"application/x-doom","ext":".wad" },
			".ncx":{ "desc":"Navigation Control file for XML (for ePub)","type":"application/x-dtbncx+xml","ext":".ncx" },
			".dtb":{ "desc":"Digital Talking Book","type":"application/x-dtbook+xml","ext":".dtb" },
			".res":{ "desc":"Digital Talking Book - Resource File","type":"application/x-dtbresource+xml","ext":".res" },
			".dvi":{ "desc":"Device Independent File Format (DVI)","type":"application/x-dvi","ext":".dvi" },
			".bdf":{ "desc":"Glyph Bitmap Distribution Format","type":"application/x-font-bdf","ext":".bdf" },
			".gsf":{ "desc":"Ghostscript Font","type":"application/x-font-ghostscript","ext":".gsf" },
			".psf":{ "desc":"PSF Fonts","type":"application/x-font-linux-psf","ext":".psf" },
			".otf":{ "desc":"OpenType Font File","type":"application/x-font-otf","ext":".otf" },
			".pcf":{ "desc":"Portable Compiled Format","type":"application/x-font-pcf","ext":".pcf" },
			".snf":{ "desc":"Server Normal Format","type":"application/x-font-snf","ext":".snf" },
			".ttf":{ "desc":"TrueType Font","type":"application/x-font-ttf","ext":".ttf" },
			".pfa":{ "desc":"PostScript Fonts","type":"application/x-font-type1","ext":".pfa" },
			".woff":{ "desc":"Web Open Font Format","type":"application/x-font-woff","ext":".woff" },
			".spl":{ "desc":"FutureSplash Animator","type":"application/x-futuresplash","ext":".spl" },
			".gnumeric":{ "desc":"Gnumeric","type":"application/x-gnumeric","ext":".gnumeric" },
			".gtar":{ "desc":"GNU Tar Files","type":"application/x-gtar","ext":".gtar" },
			".hdf":{ "desc":"Hierarchical Data Format","type":"application/x-hdf","ext":".hdf" },
			".jnlp":{ "desc":"Java Network Launching Protocol","type":"application/x-java-jnlp-file","ext":".jnlp" },
			".latex":{ "desc":"LaTeX","type":"application/x-latex","ext":".latex" },
			".prc":{ "desc":"Mobipocket","type":"application/x-mobipocket-ebook","ext":".prc" },
			".application":{ "desc":"Microsoft ClickOnce","type":"application/x-ms-application","ext":".application" },
			".wmd":{ "desc":"Microsoft Windows Media Player Download Package","type":"application/x-ms-wmd","ext":".wmd" },
			".wmz":{ "desc":"Microsoft Windows Media Player Skin Package","type":"application/x-ms-wmz","ext":".wmz" },
			".xbap":{ "desc":"Microsoft XAML Browser Application","type":"application/x-ms-xbap","ext":".xbap" },
			".mdb":{ "desc":"Microsoft Access","type":"application/x-msaccess","ext":".mdb" },
			".obd":{ "desc":"Microsoft Office Binder","type":"application/x-msbinder","ext":".obd" },
			".crd":{ "desc":"Microsoft Information Card","type":"application/x-mscardfile","ext":".crd" },
			".clp":{ "desc":"Microsoft Clipboard Clip","type":"application/x-msclip","ext":".clp" },
			".exe":{ "desc":"Microsoft Application","type":"application/x-msdownload","ext":".exe" },
			".mvb":{ "desc":"Microsoft MediaView","type":"application/x-msmediaview","ext":".mvb" },
			".wmf":{ "desc":"Microsoft Windows Metafile","type":"application/x-msmetafile","ext":".wmf" },
			".mny":{ "desc":"Microsoft Money","type":"application/x-msmoney","ext":".mny" },
			".pub":{ "desc":"Microsoft Publisher","type":"application/x-mspublisher","ext":".pub" },
			".scd":{ "desc":"Microsoft Schedule+","type":"application/x-msschedule","ext":".scd" },
			".trm":{ "desc":"Microsoft Windows Terminal Services","type":"application/x-msterminal","ext":".trm" },
			".wri":{ "desc":"Microsoft Wordpad","type":"application/x-mswrite","ext":".wri" },
			".nc":{ "desc":"Network Common Data Form (NetCDF)","type":"application/x-netcdf","ext":".nc" },
			".p12":{ "desc":"PKCS #12 - Personal Information Exchange Syntax Standard","type":"application/x-pkcs12","ext":".p12" },
			".p7b":{ "desc":"PKCS #7 - Cryptographic Message Syntax Standard (Certificates)","type":"application/x-pkcs7-certificates","ext":".p7b" },
			".p7r":{ "desc":"PKCS #7 - Cryptographic Message Syntax Standard (Certificate Request Response)","type":"application/x-pkcs7-certreqresp","ext":".p7r" },
			".rar":{ "desc":"RAR Archive","type":"application/x-rar-compressed","ext":".rar" },
			".sh":{ "desc":"Bourne Shell Script","type":"application/x-sh","ext":".sh" },
			".shar":{ "desc":"Shell Archive","type":"application/x-shar","ext":".shar" },
			".swf":{ "desc":"Adobe Flash","type":"application/x-shockwave-flash","ext":".swf" },
			".xap":{ "desc":"Microsoft Silverlight","type":"application/x-silverlight-app","ext":".xap" },
			".sit":{ "desc":"Stuffit Archive","type":"application/x-stuffit","ext":".sit" },
			".sitx":{ "desc":"Stuffit Archive","type":"application/x-stuffitx","ext":".sitx" },
			".sv4cpio":{ "desc":"System V Release 4 CPIO Archive","type":"application/x-sv4cpio","ext":".sv4cpio" },
			".sv4crc":{ "desc":"System V Release 4 CPIO Checksum Data","type":"application/x-sv4crc","ext":".sv4crc" },
			".tar":{ "desc":"Tar File (Tape Archive)","type":"application/x-tar","ext":".tar" },
			".tcl":{ "desc":"Tcl Script","type":"application/x-tcl","ext":".tcl" },
			".tex":{ "desc":"TeX","type":"application/x-tex","ext":".tex" },
			".tfm":{ "desc":"TeX Font Metric","type":"application/x-tex-tfm","ext":".tfm" },
			".texinfo":{ "desc":"GNU Texinfo Document","type":"application/x-texinfo","ext":".texinfo" },
			".ustar":{ "desc":"Ustar (Uniform Standard Tape Archive)","type":"application/x-ustar","ext":".ustar" },
			".src":{ "desc":"WAIS Source","type":"application/x-wais-source","ext":".src" },
			".der":{ "desc":"X.509 Certificate","type":"application/x-x509-ca-cert","ext":".der" },
			".fig":{ "desc":"Xfig","type":"application/x-xfig","ext":".fig" },
			".xpi":{ "desc":"XPInstall - Mozilla","type":"application/x-xpinstall","ext":".xpi" },
			".xdf":{ "desc":"XML Configuration Access Protocol - XCAP Diff","type":"application/xcap-diff+xml","ext":".xdf" },
			".xenc":{ "desc":"XML Encryption Syntax and Processing","type":"application/xenc+xml","ext":".xenc" },
			".xhtml":{ "desc":"XHTML - The Extensible HyperText Markup Language","type":"application/xhtml+xml","ext":".xhtml" },
			".xml":{ "desc":"XML - Extensible Markup Language","type":"application/xml","ext":".xml" },
			".dtd":{ "desc":"Document Type Definition","type":"application/xml-dtd","ext":".dtd" },
			".xop":{ "desc":"XML-Binary Optimized Packaging","type":"application/xop+xml","ext":".xop" },
			".xslt":{ "desc":"XML Transformations","type":"application/xslt+xml","ext":".xslt" },
			".xspf":{ "desc":"XSPF - XML Shareable Playlist Format","type":"application/xspf+xml","ext":".xspf" },
			".mxml":{ "desc":"MXML","type":"application/xv+xml","ext":".mxml" },
			".yang":{ "desc":"YANG Data Modeling Language","type":"application/yang","ext":".yang" },
			".yin":{ "desc":"YIN (YANG - XML)","type":"application/yin+xml","ext":".yin" },
			".zip":{ "desc":"Zip Archive","type":"application/zip","ext":".zip" },
			".adp":{ "desc":"Adaptive differential pulse-code modulation","type":"audio/adpcm","ext":".adp" },
			".au":{ "desc":"Sun Audio - Au file format","type":"audio/basic","ext":".au" },
			".mid":{ "desc":"MIDI - Musical Instrument Digital Interface","type":"audio/midi","ext":".mid" },
			".mp4a":{ "desc":"MPEG-4 Audio","type":"audio/mp4","ext":".mp4a" },
			".mpga":{ "desc":"MPEG Audio","type":"audio/mpeg","ext":".mpga" },
			".oga":{ "desc":"Ogg Audio","type":"audio/ogg","ext":".oga" },
			".uva":{ "desc":"DECE Audio","type":"audio/vnd.dece.audio","ext":".uva" },
			".eol":{ "desc":"Digital Winds Music","type":"audio/vnd.digital-winds","ext":".eol" },
			".dra":{ "desc":"DRA Audio","type":"audio/vnd.dra","ext":".dra" },
			".dts":{ "desc":"DTS Audio","type":"audio/vnd.dts","ext":".dts" },
			".dtshd":{ "desc":"DTS High Definition Audio","type":"audio/vnd.dts.hd","ext":".dtshd" },
			".lvp":{ "desc":"Lucent Voice","type":"audio/vnd.lucent.voice","ext":".lvp" },
			".pya":{ "desc":"Microsoft PlayReady Ecosystem","type":"audio/vnd.ms-playready.media.pya","ext":".pya" },
			".ecelp4800":{ "desc":"Nuera ECELP 4800","type":"audio/vnd.nuera.ecelp4800","ext":".ecelp4800" },
			".ecelp7470":{ "desc":"Nuera ECELP 7470","type":"audio/vnd.nuera.ecelp7470","ext":".ecelp7470" },
			".ecelp9600":{ "desc":"Nuera ECELP 9600","type":"audio/vnd.nuera.ecelp9600","ext":".ecelp9600" },
			".rip":{ "desc":"Hit'n'Mix","type":"audio/vnd.rip","ext":".rip" },
			".weba":{ "desc":"Open Web Media Project - Audio","type":"audio/webm","ext":".weba" },
			".aac":{ "desc":"Advanced Audio Coding (AAC)","type":"audio/x-aac","ext":".aac" },
			".aif":{ "desc":"Audio Interchange File Format","type":"audio/x-aiff","ext":".aif" },
			".m3u":{ "desc":"M3U (Multimedia Playlist)","type":"audio/x-mpegurl","ext":".m3u" },
			".wax":{ "desc":"Microsoft Windows Media Audio Redirector","type":"audio/x-ms-wax","ext":".wax" },
			".wma":{ "desc":"Microsoft Windows Media Audio","type":"audio/x-ms-wma","ext":".wma" },
			".ram":{ "desc":"Real Audio Sound","type":"audio/x-pn-realaudio","ext":".ram" },
			".rmp":{ "desc":"Real Audio Sound","type":"audio/x-pn-realaudio-plugin","ext":".rmp" },
			".wav":{ "desc":"Waveform Audio File Format (WAV)","type":"audio/x-wav","ext":".wav" },
			".cdx":{ "desc":"ChemDraw eXchange file","type":"chemical/x-cdx","ext":".cdx" },
			".cif":{ "desc":"Crystallographic Interchange Format","type":"chemical/x-cif","ext":".cif" },
			".cmdf":{ "desc":"CrystalMaker Data Format","type":"chemical/x-cmdf","ext":".cmdf" },
			".cml":{ "desc":"Chemical Markup Language","type":"chemical/x-cml","ext":".cml" },
			".csml":{ "desc":"Chemical Style Markup Language","type":"chemical/x-csml","ext":".csml" },
			".xyz":{ "desc":"XYZ File Format","type":"chemical/x-xyz","ext":".xyz" },
			".bmp":{ "desc":"Bitmap Image File","type":"image/bmp","ext":".bmp" },
			".cgm":{ "desc":"Computer Graphics Metafile","type":"image/cgm","ext":".cgm" },
			".g3":{ "desc":"G3 Fax Image","type":"image/g3fax","ext":".g3" },
			".gif":{ "desc":"Graphics Interchange Format","type":"image/gif","ext":".gif" },
			".ief":{ "desc":"Image Exchange Format","type":"image/ief","ext":".ief" },
			".jpeg":{ "desc":"JPEG Image","type":"image/jpeg","ext":".jpeg," },
			".jpg":{ "desc":"JPEG Image","type":"image/jpeg","ext":".jpg," },
			".ktx":{ "desc":"OpenGL Textures (KTX)","type":"image/ktx","ext":".ktx" },
			".png":{ "desc":"Portable Network Graphics (PNG)","type":"image/png","ext":".png" },
			".btif":{ "desc":"BTIF","type":"image/prs.btif","ext":".btif" },
			".svg":{ "desc":"Scalable Vector Graphics (SVG)","type":"image/svg+xml","ext":".svg" },
			".tiff":{ "desc":"Tagged Image File Format","type":"image/tiff","ext":".tiff" },
			".psd":{ "desc":"Photoshop Document","type":"image/vnd.adobe.photoshop","ext":".psd" },
			".uvi":{ "desc":"DECE Graphic","type":"image/vnd.dece.graphic","ext":".uvi" },
			".djvu":{ "desc":"DjVu","type":"image/vnd.djvu","ext":".djvu" },
			".sub":{ "desc":"Close Captioning - Subtitle","type":"image/vnd.dvb.subtitle","ext":".sub" },
			".dwg":{ "desc":"DWG Drawing","type":"image/vnd.dwg","ext":".dwg" },
			".dxf":{ "desc":"AutoCAD DXF","type":"image/vnd.dxf","ext":".dxf" },
			".fbs":{ "desc":"FastBid Sheet","type":"image/vnd.fastbidsheet","ext":".fbs" },
			".fpx":{ "desc":"FlashPix","type":"image/vnd.fpx","ext":".fpx" },
			".fst":{ "desc":"FAST Search & Transfer ASA","type":"image/vnd.fst","ext":".fst" },
			".mmr":{ "desc":"EDMICS 2000","type":"image/vnd.fujixerox.edmics-mmr","ext":".mmr" },
			".rlc":{ "desc":"EDMICS 2000","type":"image/vnd.fujixerox.edmics-rlc","ext":".rlc" },
			".mdi":{ "desc":"Microsoft Document Imaging Format","type":"image/vnd.ms-modi","ext":".mdi" },
			".npx":{ "desc":"FlashPix","type":"image/vnd.net-fpx","ext":".npx" },
			".wbmp":{ "desc":"WAP Bitamp (WBMP)","type":"image/vnd.wap.wbmp","ext":".wbmp" },
			".xif":{ "desc":"eXtended Image File Format (XIFF)","type":"image/vnd.xiff","ext":".xif" },
			".webp":{ "desc":"WebP Image","type":"image/webp","ext":".webp" },
			".ras":{ "desc":"CMU Image","type":"image/x-cmu-raster","ext":".ras" },
			".cmx":{ "desc":"Corel Metafile Exchange (CMX)","type":"image/x-cmx","ext":".cmx" },
			".fh":{ "desc":"FreeHand MX","type":"image/x-freehand","ext":".fh" },
			".ico":{ "desc":"Icon Image","type":"image/x-icon","ext":".ico" },
			".pcx":{ "desc":"PCX Image","type":"image/x-pcx","ext":".pcx" },
			".pic":{ "desc":"PICT Image","type":"image/x-pict","ext":".pic" },
			".pnm":{ "desc":"Portable Anymap Image","type":"image/x-portable-anymap","ext":".pnm" },
			".pbm":{ "desc":"Portable Bitmap Format","type":"image/x-portable-bitmap","ext":".pbm" },
			".pgm":{ "desc":"Portable Graymap Format","type":"image/x-portable-graymap","ext":".pgm" },
			".ppm":{ "desc":"Portable Pixmap Format","type":"image/x-portable-pixmap","ext":".ppm" },
			".rgb":{ "desc":"Silicon Graphics RGB Bitmap","type":"image/x-rgb","ext":".rgb" },
			".xbm":{ "desc":"X BitMap","type":"image/x-xbitmap","ext":".xbm" },
			".xpm":{ "desc":"X PixMap","type":"image/x-xpixmap","ext":".xpm" },
			".xwd":{ "desc":"X Window Dump","type":"image/x-xwindowdump","ext":".xwd" },
			".eml":{ "desc":"Email Message","type":"message/rfc822","ext":".eml" },
			".igs":{ "desc":"Initial Graphics Exchange Specification (IGES)","type":"model/iges","ext":".igs" },
			".msh":{ "desc":"Mesh Data Type","type":"model/mesh","ext":".msh" },
			".dae":{ "desc":"COLLADA","type":"model/vnd.collada+xml","ext":".dae" },
			".dwf":{ "desc":"Autodesk Design Web Format (DWF)","type":"model/vnd.dwf","ext":".dwf" },
			".gdl":{ "desc":"Geometric Description Language (GDL)","type":"model/vnd.gdl","ext":".gdl" },
			".gtw":{ "desc":"Gen-Trix Studio","type":"model/vnd.gtw","ext":".gtw" },
			".mts":{ "desc":"Virtue MTS","type":"model/vnd.mts","ext":".mts" },
			".vtu":{ "desc":"Virtue VTU","type":"model/vnd.vtu","ext":".vtu" },
			".wrl":{ "desc":"Virtual Reality Modeling Language","type":"model/vrml","ext":".wrl" },
			".ics":{ "desc":"iCalendar","type":"text/calendar","ext":".ics" },
			".css":{ "desc":"Cascading Style Sheets (CSS)","type":"text/css","ext":".css" },
			".csv":{ "desc":"Comma-Seperated Values","type":"text/csv","ext":".csv" },
			".html":{ "desc":"HyperText Markup Language (HTML)","type":"text/html","ext":".html" },
			".n3":{ "desc":"Notation3","type":"text/n3","ext":".n3" },
			".txt":{ "desc":"Text File","type":"text/plain","ext":".txt" },
			".par":{ "desc":"BAS Partitur Format","type":"text/plain-bas","ext":".par" },
			".dsc":{ "desc":"PRS Lines Tag","type":"text/prs.lines.tag","ext":".dsc" },
			".rtx":{ "desc":"Rich Text Format (RTF)","type":"text/richtext","ext":".rtx" },
			".sgml":{ "desc":"Standard Generalized Markup Language (SGML)","type":"text/sgml","ext":".sgml" },
			".tsv":{ "desc":"Tab Seperated Values","type":"text/tab-separated-values","ext":".tsv" },
			".t":{ "desc":"troff","type":"text/troff","ext":".t" },
			".ttl":{ "desc":"Turtle (Terse RDF Triple Language)","type":"text/turtle","ext":".ttl" },
			".uri":{ "desc":"URI Resolution Services","type":"text/uri-list","ext":".uri" },
			".curl":{ "desc":"Curl - Applet","type":"text/vnd.curl","ext":".curl" },
			".dcurl":{ "desc":"Curl - Detached Applet","type":"text/vnd.curl.dcurl","ext":".dcurl" },
			".mcurl":{ "desc":"Curl - Manifest File","type":"text/vnd.curl.mcurl","ext":".mcurl" },
			".scurl":{ "desc":"Curl - Source Code","type":"text/vnd.curl.scurl","ext":".scurl" },
			".fly":{ "desc":"mod_fly / fly.cgi","type":"text/vnd.fly","ext":".fly" },
			".flx":{ "desc":"FLEXSTOR","type":"text/vnd.fmi.flexstor","ext":".flx" },
			".gv":{ "desc":"Graphviz","type":"text/vnd.graphviz","ext":".gv" },
			".3dml":{ "desc":"In3D - 3DML","type":"text/vnd.in3d.3dml","ext":".3dml" },
			".spot":{ "desc":"In3D - 3DML","type":"text/vnd.in3d.spot","ext":".spot" },
			".jad":{ "desc":"J2ME App Descriptor","type":"text/vnd.sun.j2me.app-descriptor","ext":".jad" },
			".wml":{ "desc":"Wireless Markup Language (WML)","type":"text/vnd.wap.wml","ext":".wml" },
			".wmls":{ "desc":"Wireless Markup Language Script (WMLScript)","type":"text/vnd.wap.wmlscript","ext":".wmls" },
			".s":{ "desc":"Assembler Source File","type":"text/x-asm","ext":".s" },
			".c":{ "desc":"C Source File","type":"text/x-c","ext":".c" },
			".f":{ "desc":"Fortran Source File","type":"text/x-fortran","ext":".f" },
			".java":{ "desc":"Java Source File","type":"text/x-java-source,java","ext":".java" },
			".p":{ "desc":"Pascal Source File","type":"text/x-pascal","ext":".p" },
			"text/x-setext":{ "desc":"S","type":"text","ext":"text/x-setext" },
			".uu":{ "desc":"UUEncode","type":"text/x-uuencode","ext":".uu" },
			".vcs":{ "desc":"vCalendar","type":"text/x-vcalendar","ext":".vcs" },
			".vcf":{ "desc":"vCard","type":"text/x-vcard","ext":".vcf" },
			".yaml":{ "desc":"YAML Ain't Markup Language / Yet Another Markup Language","type":"text/yaml","ext":".yaml" },
			".3gp":{ "desc":"3GP","type":"video/3gpp","ext":".3gp" },
			".3g2":{ "desc":"3GP2","type":"video/3gpp2","ext":".3g2" },
			".h261":{ "desc":"H.261","type":"video/h261","ext":".h261" },
			".h263":{ "desc":"H.263","type":"video/h263","ext":".h263" },
			".h264":{ "desc":"H.264","type":"video/h264","ext":".h264" },
			".jpgv":{ "desc":"JPGVideo","type":"video/jpeg","ext":".jpgv" },
			".jpm":{ "desc":"JPEG 2000 Compound Image File Format","type":"video/jpm","ext":".jpm" },
			".mj2":{ "desc":"Motion JPEG 2000","type":"video/mj2","ext":".mj2" },
			".mp4":{ "desc":"MPEG-4 Video","type":"video/mp4","ext":".mp4" },
			".mpeg":{ "desc":"MPEG Video","type":"video/mpeg","ext":".mpeg" },
			".ogv":{ "desc":"Ogg Video","type":"video/ogg","ext":".ogv" },
			".qt":{ "desc":"Quicktime Video","type":"video/quicktime","ext":".qt" },
			".uvh":{ "desc":"DECE High Definition Video","type":"video/vnd.dece.hd","ext":".uvh" },
			".uvm":{ "desc":"DECE Mobile Video","type":"video/vnd.dece.mobile","ext":".uvm" },
			".uvp":{ "desc":"DECE PD Video","type":"video/vnd.dece.pd","ext":".uvp" },
			".uvs":{ "desc":"DECE SD Video","type":"video/vnd.dece.sd","ext":".uvs" },
			".uvv":{ "desc":"DECE Video","type":"video/vnd.dece.video","ext":".uvv" },
			".fvt":{ "desc":"FAST Search & Transfer ASA","type":"video/vnd.fvt","ext":".fvt" },
			".mxu":{ "desc":"MPEG Url","type":"video/vnd.mpegurl","ext":".mxu" },
			".pyv":{ "desc":"Microsoft PlayReady Ecosystem Video","type":"video/vnd.ms-playready.media.pyv","ext":".pyv" },
			".uvu":{ "desc":"DECE MP4","type":"video/vnd.uvvu.mp4","ext":".uvu" },
			".viv":{ "desc":"Vivo","type":"video/vnd.vivo","ext":".viv" },
			".webm":{ "desc":"Open Web Media Project - Video","type":"video/webm","ext":".webm" },
			".f4v":{ "desc":"Flash Video","type":"video/x-f4v","ext":".f4v" },
			".fli":{ "desc":"FLI/FLC Animation Format","type":"video/x-fli","ext":".fli" },
			".flv":{ "desc":"Flash Video","type":"video/x-flv","ext":".flv" },
			".m4v":{ "desc":"M4v","type":"video/x-m4v","ext":".m4v" },
			".asf":{ "desc":"Microsoft Advanced Systems Format (ASF)","type":"video/x-ms-asf","ext":".asf" },
			".wm":{ "desc":"Microsoft Windows Media","type":"video/x-ms-wm","ext":".wm" },
			".wmv":{ "desc":"Microsoft Windows Media Video","type":"video/x-ms-wmv","ext":".wmv" },
			".wmx":{ "desc":"Microsoft Windows Media Audio/Video Playlist","type":"video/x-ms-wmx","ext":".wmx" },
			".wvx":{ "desc":"Microsoft Windows Media Video Playlist","type":"video/x-ms-wvx","ext":".wvx" },
			".avi":{ "desc":"Audio Video Interleave (AVI)","type":"video/x-msvideo","ext":".avi" },
			".movie":{ "desc":"SGI Movie","type":"video/x-sgi-movie","ext":".movie" },
			".ice":{ "desc":"CoolTalk","type":"x-conference/x-cooltalk","ext":".ice" }
      		}
      	}
}